id,text,smile,chapter_id
1,ะกะปััะฐัั,๐,0
2,ะััะฐะฒะธะปะฐัั,๐,1
3,ะััะณะพะต,โ,1
4,ะะพะฑะตะณั,๐,2
5,ะััะฐะฝััั,๐งโโ๏ธ,2
6,ะฃะทะฝะฐัั,โ,3
7,ะัะฟัะฐะฒะธัััั,๐ถ,4
8,ะััััะตะปะธัั,๐น,5
9,ะฃะฒะตัะฝััััั,๐,6
10,ะััะฒะฐัะธัั ะผะตั,๐ก,6
11,ะะตัะฝััััั,๐,7
12,ะ-ะฐ-ะฐ-ะฐ-ะฐ!!!,โฌ,8
13,ะกะผะพััะตัั,๐,9
14,ะฃะฟะฐััั,โฌ,10
15,ะฅะพัั,๐,11
16,ะะต ัะพัั,๐,11
17,ะัััะฟะธัั ะฒ ะฑะพะน,โ,12
18,ะััััะตะปะธัั,๐น,13
19,ะะพะฑะตัะตะดะพะฒะฐัั,๐ฌ,14
20,ะจะฐะณะฐัั,๐ถ,15
21,ะัะฟัะฐะฒะธัััั,๐ถ,16
22,ะะตะถะฐัั,๐,17
23,ะะฐะถะฐัั,๐,18
24,ะะฒะตัั,๐,19
25,ะะฝะธะท,๐ฝ,19
26,ะัะฟัะฐะฒะธัััั,๐ถ,20
27,ะฉะตะปะบะฝััั,๐,21
28,ะะฐะฟัะฐะฒะธัััั,๐ถ,22
29,ะกะปะตะดะพะฒะฐัั,๐ถ,23
30,ะะพัะตะบะพัั,๐,24
31,ะัะฟััะณะฝั,๐,24
32,ะัะฒะตัะฝั ััะบั,๐ช,25
33,ะัะตะดะปะพะถั ะผะพะฝะตัั,๐ฐ,25
34,ะัะปััั,๐,26
35,ะงัะพ ัะฐะผ?,โ,27
36,ะกะพะฟัะพัะธะฒะปััััั,โ,28
37,ะะต ัะพะฟัะพัะธะฒะปััััั,๐ง,28
38,ะะธะฝััั ะณัะฐะฝะฐัั,๐ฃ,29
39,ะะตัะตะฝะตััะธัั,๐,30
40,ะะตัะฐะปั ะฒ ะดะฒะธะณะฐัะตะปะต,๐,31
41,ะขะพัะฝะพ ะฟัะพ ะฐะฒัะพะผะพะฑะธะปั,๐,31
42,ะะปั ัะฟััะบะฐ ะฒะพะดั,๐ฝ,31
43,ะะตะณั!,๐,32
44,ะัะธัะฐัั,๐ฑ,33
45,ะััะป,๐ฒ,34
46,ะะตัะบะฐ,๐ฒ,34
47,ะัะดะฐ?,โ,35
48,ะะน!,โ,36
49,ะงัะพ ะถะต ะดะตะปะฐัั?,โ,37
50,ะะดัะธ ะฟะพ ััะพะฟะธะฝะบะต,๐ถ,38
51,ะะพะปะทัะธ,๐,39
52,ะะฐะฒะตัะฝัะบะฐ ะฟะพะฟะฐะป,๐น,40
53,ะัะบ,๐น,41
54,ยซะฃััะตะฝะฝัั ะทะฒะตะทะดัยป,๐ฃ,41
55,ะัะผะพะฒัะต ะณัะฐะฝะฐัั,๐ฃ,41
56,ะ ะัะพะฐะฝะฝัะฒะธะปะปั!,๐,42
57,ะะปััั,๐,43
58,ะฃะทะฝะฐัั,โ,44
59,ะ ััะพ ะดะฐะปััะต?,โ,45
60,ะะตัั ะพััะฐะฝะฝะธะบั,๐,46
61,ะะพะนะดั ะฝะฐ ะฟะตัะตะบััััะพะบ,๐ฃ,46
62,ะัะดะฐ?,โ,47
63,ะะพะฑะตัั ะฃ.ะกะตัะฒะธั,๐จ,48
64,ะะพะฑะตัั ะคัะพัั,๐ง,48
65,ะกัะดั ะฒ ะบัะตัะปะพ,๐บ,49
66,ะะพะนะดั ะฟะพ ัะพะฝะฝะตะปั,๐,49
67,ะะพะฒะตัะฝััั,๐,50
68,ะะพะถะฐะปะตัั,๐,51
69,ะะฐะทััะฑะธัั,๐ก,51
70,ะะดัะธ ะดะฐะปััะต,๐ถ,52
71,ะะฐะนัะธ ะฒ ัะฐะฒะตัะฝั,๐ธ,53
72,ะะพะดะพะถะดะฐัั,โ,53
73,ะะพะฒะตัะฝััั,โก,54
74,ะัะดะฐ?,โ,55
75,ะัะฟัะฐะฒะปัััั!,๐ถ,56
76,ะ ะณะดะต ะถะต?,โ,57
77,ะะฐะบะธะฝััั ะฝะฐ ะผะตั,๐ธ,58
78,ะจะฒััะฝััั ะฟะพะด ะฝะพะณะธ,๐ธ,58
79,ะฉะตะปะบะฝััั,๐,59
80,ะฃะทะฝะฐัั,โ,60
81,ะัะฟัะฐะฒะปัััั,๐ถ,61
82,ะฃัะพะถั,๐ถ,62
83,ะััะฐััั,๐งโโ๏ธ,62
84,ะะตะณั!,๐,63
85,ะก ัะพะฝะฝัะผ ะณะฐะทะพะผ,๐ฃ,64
86,ะัะผะพะฒัั,๐ฃ,64
87,ะัะฟัะฐะฒะธัััั,๐ถ,65
88,ะััะณะฐั!,๐,66
89,ะกะฟัััั ะฝะพะถ,โฎ,67
90,ะัะนะดั ั ะฝะพะถะพะผ,๐ก,67
91,ะฅะฐ-ัะฐ-ัะฐ!,๐ต,68
92,ะฅะพ-ัะพ-ัะพ!,๐ต,68
93,ะฅัั-ััั-ััั!,๐ฝ,68
94,ะ ััะพ ะดะฐะปััะต?,โ,69
95,ะะพะปััะธะปะพัั?,โ,70
96,ะฃะทะฝะฐัั,โ,71
97,ะฃะดะฐะปะธัััั,๐ถ,72
98,ะะดัะธ ะฟะพ ััะพะฟะต,๐ถ,73
99,ะ ััะพ ะดะฐะปััะต?,โ,74
100,ะฃะทะฝะฐัั,โ,75
101,ะะพ ะฝะพะณะฐะผ,๐ฆต,76
102,ะะพ ะณะพะปะพะฒะต,๐จ,76
103,ะ ััะพ ัะพะฑะพั?,๐ค,77
104,ะะดัะธ,๐ถ,78
105,ะ ััะพ ะถะต ะดะฐะปััะต?,โ,79
106,ะะตััะพะณะฐ,๐,80
107,ะัะฑััะฝะพัะฐ,๐จ,80
108,ะะพะฑะฑะธะฝ ะััะฐ,๐น,80
109,ะกะตะนะดะธ-ะกะฐะดะธััะธะบ,๐ฉโ๐ฆฑ,80
110,ะะพะปะพัะฐัะพะณะพ ะะฐััะธ,๐ง,80
111,ะัะถะตะฝ ัะพะฒะตั,โ,80
112,ะฏ ะฟะพะฑะตะดะธะป?,โ,81
113,ะ ะบัะดะฐ ั ะฟะพะฟะฐะป?,โ,82
114,ะขะฐะบ ัะพัะฝะพ!,โ,83
115,ะะพะฟะฐะป?,โ,84
116,ะัะฒะตัะฐั!,โ,85
117,ะ ะผะฐะปััะธะบั,๐ฆ,86
118,ะ ััะฐัััะบะต,๐ต,86
119,ะััะณะฐั!,๐,87
120,ะกะฟัััััั,๐,88
121,ะัััะตัั ะพะฟะฐัะฝะพััั,โ,88
122,ะะพัะพะฒ ะพัะฒะตัะฐัั!,โ,89
123,ะัะดะฐ?,โ,90
124,ะฃะดะฐะปะธัััั,๐ถ,91
125,ะะพะนะดั ะฒ ะดะตัะตะฒะตะฝัะบั,๐,92
126,ะะตัะฝััั ะบ ะฟะตัะตะบัะตััะบั,๐ฃ,92
127,ะัะธัะปััะฐััั,๐,93
128,ะะพะฟัะพะฑัั ัะพะบะพะปะฐะดะฝัะน ัะพัั,๐ฐ,93
129,ะะพะฟัะพะฑัั ะฟะตัะพัะฝัะน ัะพัั,๐ฐ,93
130,ะัะพะผะธะปะต,๐ช,94
131,ะะตััะธ,๐ฉโ๐ฆฑ,94
132,ะะฐัะฐะฑะบะฐัััั,๐ง,95
133,ยซ105ยป,๐ข,96
134,ยซ47ยป,๐ข,96
135,ยซ123ยป,๐ข,96
136,ยซ66ยป,๐ข,96
137,ะะพ ัะตะฒะตัะฝะพะน,๐งญ,97
138,ะะพ ะฒะพััะพัะฝะพะน,๐งญ,97
139,ะะพ ัะถะฝะพะน,๐งญ,97
140,ะะพ ะทะฐะฟะฐะดะฝะพะน,๐งญ,97
141,ะััะณะฐั!,๐,98
142,ะะตัะบะฐ,๐ฒ,99
143,ะััะป,๐ฒ,99
144,ะะฟะตััะด!,๐,100
145,ะกัะพั,๐งโโ๏ธ,101
146,ะกะปะตะดัั,๐ถ,102
147,ะ ััะพ ะถะต ะดะฐะปััะต?,โ,103
148,ะัะฐะฝะถะตะฒัะต,๐,104
149,ะะตะปะตะฝัะต,๐ข,104
150,"ะ ัะต, ะธ ะดััะณะธะต",๐๐ข,104
151,ะััะณะฐั!,๐,105
152,ะะพะผะพะณั ะะตััะธ,๐ฉโ๐ฆฑ,106
153,ะะพะผะพะณั ะณัะพะผะธะปะปะต,๐ช,106
154,ะะฑะพะนะดั ะทะฒะตัั,๐,107
155,ะกะฒะตัะฝั ะฒ ะฑะพะปะพัะพ,๐ธ,107
156,ะกะฟัััััั ะทะฐ ะดะตัะตะฒััะผะธ,๐,107
157,ะะพะดะพะฑัะฐะปัั ะธ ะฝะฐะฑะปัะดะฐั,๐,108
158,ะฃะณะปัะฑะธัััั,๐ถ,109
159,ะัะธัะผะฐััะธะฒะฐััั,๐,110
160,ะกัะผะตั!,โ,111
161,ะ ััะพ ะดะฐะปััะต?,โ,112
162,ะัะดะฐ ะปะตัะธะผ?,โ,113
163,ะะพะณะพะฒะพัั ั ะผะฐะปััะธะบะพะผ,๐ฆ,114
164,ะะพะณะพะฒะพัั ัะพ ััะฐัััะบะพะน,๐ต,114
165,ะัะพะถั!,๐ถ,115
166,ะฃะทะฝะฐัั,โ,116
167,ะ ััะพ ะทะฐ ะดะฒะตััั?,๐ช,117
168,ะะฐะนะดั ะบะปัั,๐,118
169,ะัะฑัั ะดะฒะตัั ะดัะฑะธะฝะพะน,๐ช,118
170,ะกัะฒะฐัั ััะฑะธะฝ,๐,119
171,ะขัะพะฝั ะพัััะธัะผ ะผะตัะฐ,๐ก,119
172,ะะฐะปะตะฒะพ,โฌ,120
173,ะะฐะฟัะฐะฒะพ,โก,120
174,ะะฟะตััะด,โฌ,120
175,ะัะตะป,๐ฒ,121
176,ะะตัะบะฐ,๐ฒ,121
177,ะะพะปะตะท,๐ณ,122
178,ะัะตะป,๐ฒ,123
179,ะะตัะบะฐ,๐ฒ,123
180,ะกัะดั ะฒ ะบัะตัะปะพ,๐บ,124
181,ะะพะนะดั ะฟะพ ัะพะฝะฝะตะปั,๐,124
182,ะะพะนะดั ะฟะพ ะปะตะฒะพะน,โฌ,125
183,ะะพะนะดั ะฟะพ ััะตะดะฝะตะน,โฌ,125
184,ะะพะนะดั ะฟะพ ะฟัะฐะฒะพะน,โก,125
185,ะ-ะฐ-ะฐ-ะฐ-ะฐ!!!,โฌ,126
186,ะะฟะตััะด!,๐,127
187,ะะพะปะตะทั ะฒะฒะฒะตัั,๐,128
188,ะััะฝั ะฒ ัะตะบั ะฒ ะบะพะปัััะณะต,๐,128
189,ะกะฝะธะผั ะบะพะปัััะณั ะธ ะฝััะฝั,๐,128
190,ะจะฐะณะฐั,๐ถ,129
191,ะะฑะพะนะดั ัะฟัะฐะฒะฐ,โก,130
192,ะะฑะพะนะดั ัะปะตะฒะฐ,โฌ,130
193,ะ ััะพ ะดะฐะปััะต?,โ,131
194,ะะพัะตะป,๐ถ,132
195,ะกััะตะปัั!,๐น,133
196,ะะพะนะดั ะฟะพ ััะพะฟะต,๐ถ,134
197,ะะพะผะพะณั ัะฝะพัะต,๐ฆ,134
198,ะฃะฑะตะณั,๐,135
199,ะััััะตะปั ะธะท ะปัะบะฐ,๐น,135
200,ะะพะฟะปัะฒั ะบ ะฑะปะธะถะฝะตะผั,๐,136
201,ะะพะฟะปัะฒั ะบ ะดะฐะปัะฝะตะผั,๐,136
202,ะัะฒะตัะฝั ััะบั,๐ช,137
203,ะัะตะดะปะพะถั ะผะพะฝะตัั,๐ฐ,137
204,ะฃะฑะตะณะฐั!,๐,138
205,ะะพะบะธะฝั ัะฐะฒะตัะฝั,๐ธ,139
206,ะะธะฝั ะณัะฐะฝะฐัั,๐ฃ,139
207,ะัะพัะฝััััั!,๐ค,140
208,ะัะธะฝััั ะดััะณะพะต ัะตัะตะฝะธะต,โ,141
209,ะะต ะฝัะถะฝั ััะถะธะต ะธะดะตะธ,โ,142
210,ะััะปััะฐัั ัะพะฒะตั,โ,142
211,ะัะดั ะถะดะฐัั,โ,143
212,ะะพะฟะพะปะทั ะฒะฒะตัั,โฌ,143
213,ะะพะฟััะฐััั ัะฐะทััะฑะธัั ัะตัั,๐ธ,144
214,ะฃะฒะตัะฝััั ะธ ะฐัะฐะบัั,๐ก,144
215,ะ ััะพ ะดะฐะปััะต?,โ,145
216,ะะพ ัะตะฒะตัะฝะพะน,๐งญ,146
217,ะะพ ะฒะพััะพัะฝะพะน,๐งญ,146
218,ะะพ ัะถะฝะพะน,๐งญ,146
219,ะะพ ะทะฐะฟะฐะดะฝะพะน,๐งญ,146
220,ะะพะฟัะพัั ะฟะพะผะพัะธ,โ,147
221,"ะฃะดะฐะปััั, ะฟะพะฑะปะฐะณะพะดะฐัะธะฒ",๐ถ,147
222,"ะฃะทะฝะฐัั, ะบะพะณะดะฐ",โ,148
223,ะฉะตะปะบะฝััั,๐,149
224,ะะฟะตััะด!,๐,150
225,ะะดะต?,โ,151
226,ะััะณะฐั!,๐,152
227,ะ ััะพ ะดะฐะปััะต?,โ,153
228,ะะพะนะดั ะฝะฐ ะฒะพััะพะบ,๐งญ,154
229,ะะพะนะดั ะฝะฐ ะทะฐะฟะฐะด,๐งญ,154
230,ะจะฐะณะฐัั,๐ถ,155
231,ะะตััะพะณะฐ,๐,156
232,ะัะฑััะฝะพัะฐ,๐จ,156
233,ะะพะฑะฑะธะฝ ะััะฐ,๐น,156
234,ะกะตะนะดะธ-ะกะฐะดะธััะธะบ,๐ฉโ๐ฆฑ,156
235,ะะพะปะพัะฐัะพะณะพ ะะฐััะธ,๐ง,156
236,ะะพะฑะตะณั ะพั ะฝะตะณะพ,๐,157
237,ะะพะทะพะฒั ัะพะฑะพัะพะฒ,๐ค,157
238,ะ ััะพ ะดะฐะปััะต?,โ,158
239,ะฉะตะปะบะฝััั,๐,159
240,ะฃะทะฝะฐัั ัะตัะตะฝะธะต ะกะตะนะดะธ,โ,160
241,ะ ััะพ ะดะฐะปััะต?,โ,161
242,Cััะตะปัั!,๐น,163
243,"ะะตัะถะตะปะธ, ััะพ ะบะพะฝะตั?!",โ,164
244,ะัััะตัั ะพะฟะฐัะฝะพััั,โ,165
245,ะกะฟัััััั ะฒ ะดะถัะฝะณะปัั,๐,165
246,Cััะตะปัั!,๐น,166
247,ะกะฒะตัะฝั ะฝะฐะฟัะฐะฒะพ,โก,167
248,ะกะฒะตัะฝั ะฝะฐะปะตะฒะพ,โฌ,167
249,ะ ััะพ ัะฐะผ?,โ,168
250,ะะตัะฝััััั,๐,169
251,ะะฟะตััะด!,๐,170
252,ะะพัะฐ!,๐,171
253,ะะพะฟะฐะป?,โ,172
254,ะะฟะตััะด!,๐,173
255,ะะฐะดะฐะผ ะฒะพะฟัะพั,โ,174
256,ะะพััะพั ะฒ ะพัะตัะตะดะธ,๐งโโ๏ธ,174
257,ะะพััะฐั!,๐ฃ,175
258,ะ ััะพ ะดะฐะปััะต?,โ,176
259,ะะพะฝะตัะฝะพ!,โ,177
260,ะัะปััั!,๐,178
261,ะญัะพ ะบะพะฝะตั?,โ,179
262,ะะตัะฝััั ะฝะฐ ะฟะตัะตะบััััะพะบ,๐ฃ,180
263,ะะพะณะพะฒะพัั ั ะฝะฐะดะทะธัะฐัะตะปะตะผ,๐,180
264,ะะตะฒัั,โฌ,181
265,ะัะฐะฒัั,โก,181
266,ะ ััะพ ะดะฐะปััะต?,โ,182
267,ะััะณะฐั!,๐,183
268,Cััะตะปัั!,๐น,184
269,ะ ััะพ ะดะฐะปััะต?,โ,185
270,ะะฐะบัะธัั,๐ฑ,186
271,ะะพะฟััะฐััั ะฒัะฑัะฐัััั,๐ง,186
272,ะะฟะตัะตะด!,๐,187
273,ะััะป,๐ฒ,188
274,ะะตัะบะฐ,๐ฒ,188
275,ะะพะผะพะณั ะะตััะธ,๐ฉโ๐ฆฑ,189
276,ะะพะผะพะณั ะณัะพะผะธะปะปะต,๐ช,189
277,ะกะฟัััััั,๐,190
278,ะัะธะผั ะฑะพะน,โ,190
279,ะัะดะฐ?,โ,191
280,ะกะปะตะดัั!,๐,192
281,ะัะฟัะฐะฒะปััั ะบ ะฒะพัะพัะฐะผ,๐,193
282,ะะตัะตะปะตะทั ัะตัะตะท ััะตะฝั,๐ง,193
283,ะัะดะฐ?,โ,194
284,ะกััะตะปัั!,๐น,195
285,ะะฟะตัะตะด!,๐,196
286,ะะตะณั!,๐,197
287,ะััะป,๐ฒ,198
288,ะะตัะบะฐ,๐ฒ,198
289,ะััะป,๐ฒ,199
290,ะะตัะบะฐ,๐ฒ,199
291,ะะพะฑะตะถะฐะปะธ!,๐,200
292,ะะพัะพะฒ ะพัะฒะตัะธัั,โ,201
293,ะะฐ ะฒะพััะพะบ,๐งญ,202
294,ะะฐ ัะณ,๐งญ,202
295,ะะฐ ัะตะฒะตั,๐งญ,203
296,ะะฐ ัะณ,๐งญ,203
297,ะะฟะตััะด!,๐,204
298,ะัะพะฟะปัะฒั ะฟะพ ัะตัะตะฝะธั,๐,205
299,ะกัะฐะทั ะฝะฐ ะฑะตัะตะณ!,๐,205
300,ะ-ะฐ-ะฐ-ะฐ-ะฐ!,โฌ,206
301,ะกัะฐะถััั ั ััะดะพะฒะธัะตะผ,โ,207
302,ะกะฟะพะตัั ั ะฝะธะผ ะดัััะพะผ,๐ต,207
303,ะัะดะฐ?,โ,208
304,ะัะดะฐ?,โ,209
305,ะะฟะตัะตะด!,๐,210
306,ะะฐ ัะตะฒะตั,๐งญ,211
307,ะะฐ ะทะฐะฟะฐะด,๐งญ,211
308,ะะฐ ะฒะพััะพะบ,๐งญ,211
309,ะะฐ ัะตะฒะตั,๐งญ,212
310,ะะฐ ัะณ,๐งญ,212
311,ะะฟะตััะด!,๐,213
312,ะะตัะตัะตะบั ัะตะบั ะฒ ะปะพะดะบะต,๐ฅ,214
313,ะะพัะฟะพะปัะทัััั ะผะพััะพะผ,๐,214
314,ะะฟะตััะด!,๐,215
315,ะ ััะพ ะดะฐะปััะต?,โ,216
316,ะะตัะฝััััั ะฝะฐะทะฐะด,๐,217
317,ะ ััะพ ะดะฐะปััะต?,โ,218
318,"ะะฐะดะฝะพ, ัะฟะพั",๐ต,219
319,ะะฐ ะทะฐะฟะฐะด,๐งญ,220
320,ะะฐ ัะตะฒะตั,๐งญ,220
321,ะะฐ ัะณ,๐งญ,220
322,ะ ััะพ ะดัะฐะบะพะฝ?,๐,221
323,ะะฐ ะฒะพััะพะบ,๐งญ,222
324,ะะฐ ัะณ,๐งญ,222
325,ะะฟะตััะด!,๐,223
326,ะ ะฐัะฐะบั!,โ,224
327,ะะพัะปะตะดะพะฒะฐัั ะฒ ะปะฐะฑะธัะธะฝั,๐ถ,225
328,ะัะดะพัะฝััั,๐ด,225
329,ะะฐ ัะตะฒะตั,๐งญ,226
330,ะะฐ ะทะฐะฟะฐะด,๐งญ,226
331,ะะฐ ะฒะพััะพะบ,๐งญ,226
332,ะะฐ ัะตะฒะตั,๐งญ,227
333,ะะฐ ะทะฐะฟะฐะด,๐งญ,227
334,ะะฐ ัะณ,๐งญ,227
335,ะะตัะฝััััั,๐,228
336,ะะธะฝััั ะทะฐ ะฝะธะผ,๐,229
337,ะัะดั ััะพััั,๐งโโ๏ธ,229
338,ะััััะตะปะธัั,๐น,230
339,ะ ััะพ ะดะฐะปััะต?,โ,231
340,ะ ััะพ ะดะฐะปััะต?,โ,232
341,ะัะดะฐ?,โ,233
342,ะะฐ ัะตะฒะตั,๐งญ,234
343,ะะฐ ะฒะพััะพะบ,๐งญ,234
344,ะะฐ ัะตะฒะตั,๐งญ,235
345,ะะฐ ัะณ,๐งญ,235
346,ะ ััะพ ะดะฐะปััะต?,โ,237
347,ะะฟะตััะด!,๐,238
348,ยซะะฌะะซยป,๐ฆ,239
349,ยซะะะะะยป,๐บ,239
350,ะะฐ ะฒะพััะพะบ,๐งญ,240
351,ะะฐ ัะณ,๐งญ,240
352,ะะฐ ะทะฐะฟะฐะด,๐งญ,241
353,ะะฐ ะฒะพััะพะบ,๐งญ,241
354,ะะฐ ัะณ,๐งญ,241
355,ะกะปะตะดัั!,๐ถ,242
356,ะัะดะฐ?,โ,243
357,ะะฐ ัะตะฒะตั,๐งญ,244
358,ะะฐ ะฒะพััะพะบ,๐งญ,244
359,ะกะฟัััะฐัััั ะฒ ะบัััะฐั,๐,245
360,ะะธะฝััััั ัะตัะตะท ะผะพัั,๐,245
361,ะฃะดะฐัั ะฟะพ ะฝะพะณะฐะผ,๐ฆต,246
362,ะฃะดะฐัั ะฟะพ ะณะพะปะพะฒะต,๐จ,246
363,ะะดั ะฝะฐะทะฐะด,๐,247
364,ะะพััะฐั ะผะตั,๐ก,248
365,ะ ััะพ ะดะฐะปััะต?,โ,249
366,ะ ััะพ ะดะฐะปััะต?,โ,250
367,ะัะดะฐ?,โ,251
368,ะฃะฒะตัะฝััั ะพั ัะดะฐัะฐ,๐,252
369,ะััะฒะฐัั ะผะตั,๐ก,252
370,ะงะตัะตะท ะฒะพััะพัะฝัั ะดะฒะตัั,๐ช,253
371,ะงะตัะตะท ัะถะฝัั ะดะฒะตัั,๐ช,253
372,ะ ััะพ ะดะฐะปััะต?,โ,254
373,ะัะพัััั ะฝะฐ ะฟัะพัะตััะพัะฐ,๐ก,255
374,ะััะฐะฝะพะฒะปััั,๐งโโ๏ธ,255
375,ะกะปะตะดะพะฒะฐัั ะทะฐ ะฝะธะผ,๐ถ,256
376,ะะพะฟะฐะป ะปะธ ัั?,โ,257
377,ะ ััะพ ะดะฐะปััะต?,โ,258
378,ะะตัะฝััััั ะฝะฐะทะฐะด,๐,259
379,ะะตัะตะฝะตัััั,๐,260
380,ะฃะฑะตะณั,๐,260
381,ะฃะบัะพัั ะฒะทะณะปัะดะพะผ,๐,260
382,ะกะฟะพั ั ะฝะธะผ,๐ต,260
383,ะัะตะป,๐ฒ,261
384,ะะตัะบะฐ,๐ฒ,261
385,ะ ััะพ ะดะฐะปััะต?,โ,262
386,ะะพะฑะตะณั,๐,263
387,ะััััะตะปั,๐น,263
388,ะะฐ ะฒะพััะพะบ,๐งญ,264
389,ะะฐ ัะตะฒะตั,๐งญ,264
390,ะะฐ ะฟะตััะฐะฝะพะผ ะฟะปัะถะต,๐,265
391,ะฃ ะบัััะพะฒ,๐ต,265
392,ะะฟะตััะด,๐,266
393,ะัะบัััั ะดะฒะตัั,๐ช,267
394,ะ ะฑะพะน!,โ,268
395,ะะฐ ะทะฐะฟะฐะด,๐งญ,269
396,ะะฐ ะฒะพััะพะบ,๐งญ,269
397,ะะฐ ัะณ,๐งญ,269
398,ะะตะถะฐัั,๐,270
399,ะัะดะฐ?,โ,271
400,ะ ััะพ ั ะฒะธะถั?,โ,272
401,ะะตัะฒะฐั ะดะฒะตัั,๐ช,273
402,ะัะพัะฐั ะดะฒะตัั,๐ช,273
403,ะขัะตััั ะดะฒะตัั,๐ช,273
404,ะัะดะฐ?,โ,274
405,ะ ััะพ ะดะฐะปััะต?,โ,275
406,ะ ััะพ ะทะฐ ะดะฒะตััั?,๐ช,276
407,ะะพะฒะตัะฝัะป,โก,277
408,ะฃะทะฝะฐัั,โ,278
409,ะะพะฝะตัะฝะพ!,โ,279
410,ะขัะตะทัะฑะตั ะธ ัะตัั,๐ฑ,280
411,ะฉะธั ะธ ะผะตั,๐ก,280
412,ะะฐ ัะตะฒะตั,๐งญ,281
413,ะะฐ ะทะฐะฟะฐะด,๐งญ,281
414,ะัะตะป,๐ฒ,282
415,ะะตัะบะฐ,๐ฒ,282
416,ะัะตะป,๐ฒ,283
417,ะะตัะบะฐ,๐ฒ,283
418,ะะพะฟะฐะป?,โ,284
419,ะขัะตะทัะฑะตั ะธ ัะตัั,๐ฑ,285
420,ะฉะธั ะธ ะผะตั,๐ก,285
421,ะ ััะพ ะถะต ะดะฐะปััะต?,โ,286
422,ะัะธะฝััั ะดััะณะพะต ัะตัะตะฝะธะต,โ,287
423,ะััััะตะปะธัั,๐น,289
424,ะกะฟัะพัั,โ,290
425,ะัะพะนะดั ะผะธะผะพ,๐ถ,290
426,ะะตัะฝััััั ะฝะฐะทะฐะด,๐,291
427,ะะฟะตัะตะด!,๐,292
428,ะะฐ ัะตะฒะตั,๐งญ,293
429,ะะฐ ะทะฐะฟะฐะด,๐งญ,293
430,ะะฐ ัะณ,๐งญ,294
431,ะะฐ ะทะฐะฟะฐะด,๐งญ,294
432,ะะฐ ะทะฐะฟะฐะด,๐งญ,295
433,ะะฐ ัะณ,๐งญ,295
434,ะะฐ ะฒะพััะพะบ,๐งญ,296
435,ะะฐ ะทะฐะฟะฐะด,๐งญ,296
436,ะะฐ ัะตะฒะตั,๐งญ,296
437,ะะฐ ัะตะฒะตั,๐งญ,297
438,ะะฐ ัะณ,๐งญ,297
439,ะะฟะตััะด!,๐,298
440,ะ ััะพ ะดะฐะปััะต?,โ,299
441,ะะฐ ะฒะพััะพะบ,๐งญ,300
442,ะะฐ ัะณ,๐งญ,300
443,ะััะณะฝั ะฒ ัะตะบั,๐,301
444,ะกะฝะฐัะฐะปะฐ ัะฝะธะผั ะบะพะปัััะณั,๐,301
445,ะัะฟััะณะฝััั,๐,302
446,ะัะดะฐ?,โ,303
447,ะ ััะพ ะดะฐะปััะต?,โ,304
448,ะัะดะฐ?,โ,305
449,ะะฐัะพััะธะน ะฑะตัะตะณ,๐,306
450,ะะฐะผะตะฝะธัััะน ะฑะตัะตะณ,๐,306
451,ะะตััะฐะฝัั ะบะพัั,๐,306
452,ะะฟะตััะด!,๐,307
453,ะญัะพ ะบะพะฝะตั?,โ,308
454,ะงัะพ ะถะต ะดะฐะปััะต?,โ,309
455,ะ ััะพ ะดะฐะปััะต?,โ,310
456,ะัะบัะดะฐ ะพะฝ ะทะฝะฐะตั?,โ,311
457,ะะพะทะฒัะฐัะฐััั!,๐,312
458,ะ ััะพ ะดะฐะปััะต?,โ,313
459,ะ ััะพ ะดะฐะปััะต?,โ,314
460,ะะพะฒะตัะฝััั,โก,315
461,ะะพะถะฐะปะตั,๐,316
462,ะะฐะทััะฑะปั,๐ก,316
463,ะกัะฐะถััั,โ,317
464,ะฃะฑะตะณั,๐,317
465,ะะพัะตะบะพัั ะฒะพะปะบะฐ,๐บ,318
466,ะะพะถะดััั ะฟััะถะบะฐ,๐บ,318
467,ะะพะฟัะพัะธัั,โ,319
468,ะ ััะพ ะดะฐะปััะต?,โ,320
469,ะัะดั ะดัะฐัััั,โ,321
470,ะััะปััะฐั ัะพะฒะตั,โ,321
471,ะะฟะตััะด!,๐,322
472,ะกะฟะพั ะฒะฐะปัั,๐ต,323
473,ะกะฟะพั ัะฒะธะฝะณ,๐ต,323
474,ะะพะนะดั ะพะดะธะฝ,๐ถ,324
475,ะะพะนะดั ั ัะพะฑะพัะฐะผะธ,๐ค,324
476,ะกะฟัะฐัะฐัััั,๐,325
477,ะ ััะพ ะดะฐะปััะต?,โ,326
478,ะ ััะพ ะทะฐ ะดะฒะตััั?,โ,327
479,ะะฝะฐั,โ,328
480,ะะฐะฟะพะผะฝะธัั,โ,328
481,ะ ััะพ ะดะฐะปััะต?,โ,329
482,ะฉะตะปะบะฝััั,๐,330
483,ะ ััะพ ะดะฐะปััะต?,โ,331
484,ะัะฟััะณะฝััั,๐,332
485,ะะดัะธ ะฒ ัะพะฝะฝะตะปั,๐,333
486,ะะฟะตััะด!,๐,334
487,ะะตัะฒะฐั ะดะฒะตัั,๐ช,335
488,ะัะพัะฐั ะดะฒะตัั,๐ช,335
489,ะขัะตััั ะดะฒะตัั,๐ช,335
490,ะงะตัะฒะตััะฐั ะดะฒะตัั,๐ช,335
491,ะัะธะฝััั ะดััะณะพะต ัะตัะตะฝะธะต,โ,336
492,ะ-ะฐ-ะฐ-ะฐ-ะฐ!,โฌ,337
493,ะะฐ ัะตะฒะตั,๐งญ,339
494,ะะฐ ะฒะพััะพะบ,๐งญ,339
495,ะะฐ ัะณ,๐งญ,339
496,ะะฐ ะทะฐะฟะฐะด,๐งญ,339
497,ะะฟะตััะด!,๐,340
498,ะัะบัััั ะดะฒะตัั,๐ช,341
499,ะ ััะพ ะดะฐะปััะต?,โ,342
500,ะ ััะพ ะดะฐะปััะต?,โ,343
501,ะะฐะทะฐะด,๐,344
502,ะัััะฝะธัั,โ,345
503,ะะฐะทะฐะด,๐,346
504,ะัะฒะตัะธัั,โ,347
505,ะัะพัะฐั ะดะฒะตัั,๐ช,348
506,ะขัะตััั ะดะฒะตัั,๐ช,348
507,ะงะตัะฒะตััะฐั ะดะฒะตัั,๐ช,348
508,ะะตะฝะตัะฐะป ะัะฐะฝั,๐ฎ,350
509,ะะต ะทะฝะฐั,โ,350
